job_key,job_title,best_public,best_private,gap_public_minus_private
job::turijobs::325036,Alumno/a en prácticas Clúster RRHH Tenerife Sur,0.784540540578117,0.7389298147421139,0.04561072583600301
job::jobspy_indeed::indeed_20260427012144,TERAPEUTA OCUPACIONAL CENTRO RESIDENCIAL (BALLESOL TENERIFE),0.7748765754699929,0.7582567084359938,0.01661986703399909
job::jobspy_indeed::indeed_20260501235251,ESPECIALISTA EN VENTAS - ADEJE (MEDIA JORNADA),0.73300730033306,0.7185148313887876,0.014492468944272474
job::sce::05.2026.003194,ANIMADORES GERIÁTRICOS,0.8017863947742234,0.7881890267570366,0.013597368017186806
job::sce::05.2026.002221,"FISIOTERAPEUTAS, EN GENERAL",0.7256531053054974,0.75879121734675,-0.03313811204125261
