sector,n_pairs,mean_score,ci_95_low,ci_95_high
publica,6,0.7660220437162361,0.7437505513204341,0.7870678369407779
privada,29,0.7140176721185649,0.69688804777796,0.7308881460303834
